"image_file","box1","box2","box3","box4","box5","box6","box7","box8","box9","box10","box11","box12","box13","box14","box15","box16","box17","box18","box19","box20","box21","box22","box23","box24"
"screencapture-earth-google-web-43-29585517-140-59914757-6-60124565a-112-8807844d-35y-0h-0t-0r-2018-05-13-00_04_00.png","{""label"":""houses"",""y"":51,""x"":242,""height"":355,""width"":364}","{""label"":""houses"",""y"":384,""x"":109,""height"":333,""width"":173}","{""label"":""houses"",""y"":844,""x"":202,""height"":278,""width"":281}","{""label"":""houses"",""y"":865,""x"":516,""height"":278,""width"":259}","{""label"":""houses"",""y"":498,""x"":575,""height"":262,""width"":268}","{""label"":""houses"",""y"":542,""x"":997,""height"":250,""width"":290}","{""label"":""houses"",""y"":501,""x"":1352,""height"":311,""width"":271}","{""label"":""houses"",""y"":33,""x"":1318,""height"":321,""width"":308}","{""label"":""houses"",""y"":187,""x"":1543,""height"":352,""width"":330}","{""label"":""houses"",""y"":893,""x"":1654,""height"":259,""width"":234}","{""label"":""houses"",""y"":733,""x"":732,""height"":274,""width"":284}","{""label"":""houses"",""y"":1149,""x"":538,""height"":234,""width"":284}","{""label"":""houses"",""y"":1152,""x"":874,""height"":268,""width"":247}","{""label"":""houses"",""y"":899,""x"":1031,""height"":290,""width"":299}","{""label"":""houses"",""y"":1057,""x"":1355,""height"":182,""width"":157}","{""label"":""houses"",""y"":1294,""x"":1525,""height"":179,""width"":176}","{""label"":""houses"",""y"":748,""x"":2376,""height"":389,""width"":352}","{""label"":""houses"",""y"":91,""x"":2388,""height"":278,""width"":241}","{""label"":""houses"",""y"":301,""x"":2545,""height"":182,""width"":185}","{""label"":""houses"",""y"":2,""x"":2175,""height"":142,""width"":117}","{""label"":""houses"",""y"":1112,""x"":2086,""height"":204,""width"":213}"
"screencapture-earth-google-web-43-29555579-140-60003022-7-65764694a-111-82438419d-35y-0-00000085h-0t-0r-2018-05-13-00_05_46.png","{""label"":""houses"",""y"":138,""x"":137,""height"":262,""width"":296}","{""label"":""houses"",""y"":70,""x"":803,""height"":299,""width"":355}","{""label"":""houses"",""y"":462,""x"":414,""height"":213,""width"":191}","{""label"":""houses"",""y"":629,""x"":501,""height"":265,""width"":287}","{""label"":""houses"",""y"":758,""x"":168,""height"":327,""width"":352}","{""label"":""houses"",""y"":1054,""x"":84,""height"":278,""width"":274}","{""label"":""houses"",""y"":524,""x"":75,""height"":173,""width"":151}","{""label"":""houses"",""y"":542,""x"":976,""height"":302,""width"":358}","{""label"":""houses"",""y"":545,""x"":1380,""height"":345,""width"":376}","{""label"":""houses"",""y"":792,""x"":1269,""height"":281,""width"":342}","{""label"":""houses"",""y"":860,""x"":939,""height"":237,""width"":234}","{""label"":""houses"",""y"":1178,""x"":969,""height"":176,""width"":130}","{""label"":""houses"",""y"":1051,""x"":1136,""height"":339,""width"":348}","{""label"":""houses"",""y"":906,""x"":1688,""height"":302,""width"":262}","{""label"":""houses"",""y"":1064,""x"":1882,""height"":253,""width"":247}","{""label"":""houses"",""y"":1205,""x"":2086,""height"":234,""width"":284}","{""label"":""houses"",""y"":903,""x"":2416,""height"":281,""width"":336}","{""label"":""houses"",""y"":629,""x"":2144,""height"":290,""width"":342}","{""label"":""houses"",""y"":394,""x"":1830,""height"":219,""width"":244}","{""label"":""houses"",""y"":111,""x"":1451,""height"":219,""width"":302}","{""label"":""houses"",""y"":74,""x"":1996,""height"":358,""width"":385}","{""label"":""houses"",""y"":74,""x"":1996,""height"":358,""width"":385}","{""label"":""houses"",""y"":74,""x"":1996,""height"":358,""width"":385}","{""label"":""houses"",""y"":24,""x"":2428,""height"":315,""width"":315}"
"screencapture-earth-google-web-43-29622845-140-60145985-3-77900431a-115-70301638d-35y-0h-0t-0r-2018-05-13-00_09_22.png","{""label"":""houses"",""y"":604,""x"":124,""height"":392,""width"":370}","{""label"":""houses"",""y"":912,""x"":405,""height"":364,""width"":345}","{""label"":""houses"",""y"":1150,""x"":800,""height"":311,""width"":379}","{""label"":""houses"",""y"":431,""x"":905,""height"":293,""width"":367}","{""label"":""houses"",""y"":225,""x"":1056,""height"":219,""width"":256}","{""label"":""houses"",""y"":182,""x"":695,""height"":244,""width"":241}","{""label"":""houses"",""y"":589,""x"":2354,""height"":207,""width"":241}","{""label"":""houses"",""y"":413,""x"":2542,""height"":191,""width"":265}","{""label"":""houses"",""y"":900,""x"":2021,""height"":219,""width"":241}","{""label"":""houses"",""y"":259,""x"":1700,""height"":142,""width"":145}","{""label"":""houses"",""y"":6,""x"":1340,""height"":219,""width"":429}","{""label"":""houses"",""y"":15,""x"":2669,""height"":136,""width"":154}","{""label"":""houses"",""y"":814,""x"":2351,""height"":145,""width"":231}"
"screencapture-earth-google-web-43-29660037-140-60272325-3-95920356a-115-52281054d-35y-0h-0t-0r-2018-05-13-00_10_50.png","{""label"":""houses"",""y"":468,""x"":704,""height"":278,""width"":598}","{""label"":""houses"",""y"":101,""x"":849,""height"":311,""width"":364}","{""label"":""houses"",""y"":820,""x"":630,""height"":179,""width"":197}","{""label"":""houses"",""y"":835,""x"":865,""height"":173,""width"":302}","{""label"":""houses"",""y"":1258,""x"":442,""height"":191,""width"":389}","{""label"":""houses"",""y"":1030,""x"":1062,""height"":182,""width"":256}","{""label"":""houses"",""y"":1267,""x"":1034,""height"":191,""width"":348}"
"screencapture-earth-google-web-43-29625809-140-6042477-6-22153881a-113-26047984d-35y-0h-0t-0r-2018-05-13-00_11_32.png","{""label"":""houses"",""y"":410,""x"":735,""height"":265,""width"":228}","{""label"":""houses"",""y"":280,""x"":1102,""height"":228,""width"":241}","{""label"":""houses"",""y"":916,""x"":1000,""height"":262,""width"":293}","{""label"":""houses"",""y"":1082,""x"":2178,""height"":299,""width"":324}","{""label"":""houses"",""y"":1104,""x"":1657,""height"":253,""width"":225}"
"screencapture-earth-google-web-43-29672559-140-60581067-3-44968295a-116-03232371d-35y-0h-0t-0r-2018-05-13-00_12_09.png","{""label"":""houses"",""y"":1023,""x"":618,""height"":191,""width"":299}","{""label"":""houses"",""y"":1057,""x"":1047,""height"":330,""width"":401}"
"screencapture-earth-google-web-43-29563518-140-60591423-7-25738361a-112-22460339d-35y-0h-0t-0r-2018-05-13-00_12_43.png","{""label"":""houses"",""y"":743,""x"":140,""height"":352,""width"":392}","{""label"":""houses"",""y"":675,""x"":590,""height"":293,""width"":219}","{""label"":""houses"",""y"":681,""x"":1340,""height"":204,""width"":154}","{""label"":""houses"",""y"":767,""x"":1167,""height"":219,""width"":136}","{""label"":""houses"",""y"":891,""x"":1281,""height"":157,""width"":281}","{""label"":""houses"",""y"":937,""x"":1543,""height"":259,""width"":197}","{""label"":""houses"",""y"":1011,""x"":2070,""height"":330,""width"":318}","{""label"":""houses"",""y"":1082,""x"":2437,""height"":278,""width"":185}","{""label"":""houses"",""y"":752,""x"":1595,""height"":145,""width"":151}","{""label"":""houses"",""y"":33,""x"":121,""height"":336,""width"":200}","{""label"":""houses"",""y"":46,""x"":346,""height"":395,""width"":429}"
"screencapture-earth-google-web-43-294958-140-60605914-31-51878709a-87-9631963d-35y-0h-0t-0r-2018-05-13-00_13_36.png","{""label"":""houses"",""y"":117,""x"":291,""height"":423,""width"":530}"
"screencapture-earth-google-web-43-29394263-140-60321812-12-71252913a-106-76945407d-35y-0h-0t-0r-2018-05-13-00_14_06.png","{""label"":""houses"",""y"":786,""x"":100,""height"":370,""width"":352}","{""label"":""houses"",""y"":305,""x"":2018,""height"":527,""width"":487}","{""label"":""houses"",""y"":764,""x"":1845,""height"":305,""width"":385}","{""label"":""houses"",""y"":564,""x"":414,""height"":302,""width"":315}","{""label"":""houses"",""y"":252,""x"":547,""height"":345,""width"":330}","{""label"":""houses"",""y"":18,""x"":732,""height"":256,""width"":327}","{""label"":""houses"",""y"":1017,""x"":494,""height"":265,""width"":311}","{""label"":""houses"",""y"":1292,""x"":775,""height"":176,""width"":281}","{""label"":""houses"",""y"":737,""x"":1491,""height"":327,""width"":327}","{""label"":""houses"",""y"":567,""x"":1682,""height"":281,""width"":274}"
"screencapture-earth-google-web-43-29304207-140-60296878-21-00822089a-98-47376247d-35y-0h-0t-0r-2018-05-13-00_15_16.png","{""label"":""houses"",""y"":336,""x"":424,""height"":549,""width"":503}","{""label"":""houses"",""y"":1131,""x"":1666,""height"":302,""width"":299}","{""label"":""houses"",""y"":135,""x"":1000,""height"":567,""width"":589}"
"screencapture-earth-google-web-43-29125104-140-60080063-25-13023506a-94-35174232d-35y-0h-0t-0r-2018-05-13-00_15_47.png","{""label"":""houses"",""y"":299,""x"":168,""height"":330,""width"":339}","{""label"":""houses"",""y"":703,""x"":643,""height"":274,""width"":333}","{""label"":""houses"",""y"":1045,""x"":374,""height"":410,""width"":527}","{""label"":""houses"",""y"":931,""x"":880,""height"":358,""width"":379}","{""label"":""houses"",""y"":931,""x"":880,""height"":358,""width"":379}","{""label"":""houses"",""y"":15,""x"":1398,""height"":228,""width"":620}"
